node_i,node_j,true_label,predicted_probability,AUC,Average_Precision
2,3,1,0.09224657714366913,0.5625,0.5845238095238094
5,7,1,0.9635355472564697,0.5625,0.5845238095238094
0,1,1,0.7615894675254822,0.5625,0.5845238095238094
1,3,1,0.9857389330863953,0.5625,0.5845238095238094
3,9,0,0.0006273629260249436,0.5625,0.5845238095238094
1,9,0,0.9999861717224121,0.5625,0.5845238095238094
4,9,0,0.8982376456260681,0.5625,0.5845238095238094
1,5,0,0.30050304532051086,0.5625,0.5845238095238094
